﻿<?xml version="1.0" encoding="utf-8"?>
<!--DO NOT EDIT. This document is generated by PSoC Creator design builds.-->
<PSoCCreatorIdeExport Version="1">
  <Device Part="CY8C5888LTI-LP097" Processor="CortexM3" DeviceID="2E161069" />
  <Toolchains>
    <Toolchain Name="ARM GCC Generic" Selected="True">
      <Tool Name="prebuild" Command="" Options="" />
      <Tool Name="assembler" Command="arm-none-eabi-as.exe" Options="-mcpu=cortex-m3 -mthumb -I. -IGenerated_Source\PSoC5 -alh=${OutputDir}/${CompileFile}.lst -g" />
      <Tool Name="compiler" Command="arm-none-eabi-gcc.exe" Options="-mcpu=cortex-m3 -mthumb -I..\..\FreeRTOS_Source\portable\GCC\ARM_CM3 -I..\..\FreeRTOS_Source\include -I..\..\FreeRTOS_Source\portable\MemMang -I..\..\FreeRTOS_Source -I. -IGenerated_Source\PSoC5 -Wa,-alh=${OutputDir}/${CompileFile}.lst -g -Wall -ffunction-sections -ffat-lto-objects -O0" />
      <Tool Name="linker" Command="arm-none-eabi-gcc.exe" Options="-mcpu=cortex-m3 -mthumb -L Generated_Source\PSoC5 -Wl,-Map,${OutputDir}/${ProjectShortName}.map -T Generated_Source\PSoC5\cm3gcc.ld -specs=nano.specs -Wl,--gc-sections -g -ffunction-sections -O0 -ffat-lto-objects" />
      <Tool Name="postbuild" Command="" Options="" />
    </Toolchain>
    <Toolchain Name="ARM MDK Generic" Selected="False">
      <Tool Name="prebuild" Command="" Options="" />
      <Tool Name="assembler" Command="armasm.exe" Options="--cpu=Cortex-M3 --diag_style=gnu --thumb -i. -iGenerated_Source\PSoC5 -g --list=${OutputDir}/${CompileFile}.lst &quot;--predefine=__MICROLIB SETA 1&quot;" />
      <Tool Name="compiler" Command="armcc.exe" Options="--cpu=Cortex-M3 --C99 --diag_style=gnu -I. -IGenerated_Source\PSoC5 --list --signed_chars -g -O0 --split_sections -D__MICROLIB" />
      <Tool Name="linker" Command="armlink.exe" Options="--cpu=Cortex-M3 --diag_style=gnu --no_startup --library_type=microlib --map --list ${OutputDir}/${ProjectShortName}.map --scatter Generated_Source\PSoC5\Cm3RealView.scat" />
      <Tool Name="postbuild" Command="" Options="" />
    </Toolchain>
    <Toolchain Name="ARM IAR Generic" Selected="False">
      <Tool Name="prebuild" Command="" Options="" />
      <Tool Name="assembler" Command="iasmarm.exe" Options="--cpu Cortex-M3 -I. -IGenerated_Source\PSoC5 -s+ -M&lt;&gt; -w+ -r -DDEBUG --fpu None" />
      <Tool Name="compiler" Command="iccarm.exe" Options="--cpu Cortex-M3 -I. -IGenerated_Source\PSoC5 -D DEBUG -D CY_CORE_ID=0 -I. -IGenerated_Source\PSoC5 -D DEBUG --no_cse --no_unroll --no_inline --no_code_motion --no_tbaa --no_clustering --no_scheduling --debug --endian=little -e --fpu=None -On --no_wrap_diagnostics" />
      <Tool Name="linker" Command="ilinkarm.exe" Options="--semihosting --entry __iar_program_start --config Generated_Source\PSoC5\Cm3Iar.icf" />
      <Tool Name="postbuild" Command="" Options="" />
    </Toolchain>
  </Toolchains>
  <Project Name="FreeRTOS_Demo" Path="C:\Users\Timoth\Desktop\4095\FYP_POSCCreator_Master-master _new\FYP_POSCCreator_Master-master\FYP_PSOCCreator_Master\CORTEX_CY8C5588_PSoC_Creator_GCC\FreeRTOS_Demo.cydsn" Version="5.50" Type="Normal">
    <CMSIS_SVD_File>FreeRTOS_Demo.svd</CMSIS_SVD_File>
    <Datasheet />
    <LinkerFiles>
      <LinkerFile Toolchain="ARM GCC Generic">.\Generated_Source\PSoC5\cm3gcc.ld</LinkerFile>
      <LinkerFile Toolchain="ARM MDK Generic">.\Generated_Source\PSoC5\Cm3RealView.scat</LinkerFile>
      <LinkerFile Toolchain="ARM IAR Generic">.\Generated_Source\PSoC5\Cm3Iar.icf</LinkerFile>
    </LinkerFiles>
    <Folders>
      <Folder BuildType="STRICT" Path="C:\Users\Timoth\Desktop\4095\FYP_POSCCreator_Master-master _new\FYP_POSCCreator_Master-master\FYP_PSOCCreator_Master\CORTEX_CY8C5588_PSoC_Creator_GCC\FreeRTOS_Demo.cydsn">
        <Files Root="C:\Users\Timoth\Desktop\4095\FYP_POSCCreator_Master-master _new\FYP_POSCCreator_Master-master\FYP_PSOCCreator_Master\CORTEX_CY8C5588_PSoC_Creator_GCC\FreeRTOS_Demo.cydsn">
          <File BuildType="BUILD" Toolchain="">..\..\FreeRTOS_Source\include\croutine.h</File>
          <File BuildType="BUILD" Toolchain="">..\..\FreeRTOS_Source\include\deprecated_definitions.h</File>
          <File BuildType="BUILD" Toolchain="">..\..\FreeRTOS_Source\include\event_groups.h</File>
          <File BuildType="BUILD" Toolchain="">..\..\FreeRTOS_Source\include\FreeRTOS.h</File>
          <File BuildType="BUILD" Toolchain="">..\..\FreeRTOS_Source\include\list.h</File>
          <File BuildType="BUILD" Toolchain="">..\..\FreeRTOS_Source\include\message_buffer.h</File>
          <File BuildType="BUILD" Toolchain="">..\..\FreeRTOS_Source\include\mpu_prototypes.h</File>
          <File BuildType="BUILD" Toolchain="">..\..\FreeRTOS_Source\include\mpu_wrappers.h</File>
          <File BuildType="BUILD" Toolchain="">..\..\FreeRTOS_Source\include\portable.h</File>
          <File BuildType="BUILD" Toolchain="">..\..\FreeRTOS_Source\include\projdefs.h</File>
          <File BuildType="BUILD" Toolchain="">..\..\FreeRTOS_Source\include\queue.h</File>
          <File BuildType="BUILD" Toolchain="">..\..\FreeRTOS_Source\include\semphr.h</File>
          <File BuildType="BUILD" Toolchain="">..\..\FreeRTOS_Source\include\stack_macros.h</File>
          <File BuildType="BUILD" Toolchain="">..\..\FreeRTOS_Source\include\StackMacros.h</File>
          <File BuildType="BUILD" Toolchain="">..\..\FreeRTOS_Source\include\stream_buffer.h</File>
          <File BuildType="BUILD" Toolchain="">..\..\FreeRTOS_Source\include\task.h</File>
          <File BuildType="BUILD" Toolchain="">..\..\FreeRTOS_Source\include\timers.h</File>
          <File BuildType="BUILD" Toolchain="">..\..\..\FreeRTOS\freertos-code-2543-trunk\freertos-code-2543-trunk\FreeRTOS\Demo\Common\include\serial.h</File>
          <File BuildType="BUILD" Toolchain="">device.h</File>
          <File BuildType="BUILD" Toolchain="">FreeRTOSConfig.h</File>
          <File BuildType="BUILD" Toolchain="">IntQueueTimer.h</File>
          <File BuildType="BUILD" Toolchain="">movement.h</File>
          <File BuildType="BUILD" Toolchain="">..\..\FreeRTOS_Source\croutine.c</File>
          <File BuildType="BUILD" Toolchain="">..\..\FreeRTOS_Source\list.c</File>
          <File BuildType="BUILD" Toolchain="">..\..\FreeRTOS_Source\queue.c</File>
          <File BuildType="BUILD" Toolchain="">..\..\FreeRTOS_Source\tasks.c</File>
          <File BuildType="BUILD" Toolchain="">..\..\FreeRTOS_Source\portable\GCC\ARM_CM3\port.c</File>
          <File BuildType="BUILD" Toolchain="">..\..\FreeRTOS_Source\portable\MemMang\heap_2.c</File>
          <File BuildType="BUILD" Toolchain="">IntQueueTimer.c</File>
          <File BuildType="BUILD" Toolchain="">main.c</File>
          <File BuildType="BUILD" Toolchain="">Serial.c</File>
          <File BuildType="BUILD" Toolchain="">movement.c</File>
          <File BuildType="BUILD" Toolchain="">comtest.c</File>
        </Files>
      </Folder>
      <Folder BuildType="STRICT" Path="C:\Users\Timoth\Desktop\4095\FYP_POSCCreator_Master-master _new\FYP_POSCCreator_Master-master\FYP_PSOCCreator_Master\CORTEX_CY8C5588_PSoC_Creator_GCC\FreeRTOS_Demo.cydsn\Generated_Source\PSoC5">
        <Files Root="C:\Users\Timoth\Desktop\4095\FYP_POSCCreator_Master-master _new\FYP_POSCCreator_Master-master\FYP_PSOCCreator_Master\CORTEX_CY8C5588_PSoC_Creator_GCC\FreeRTOS_Demo.cydsn">
          <File BuildType="BUILD" Toolchain="">Generated_Source\PSoC5\cyfitter_cfg.h</File>
          <File BuildType="BUILD" Toolchain="">Generated_Source\PSoC5\cyfitter_cfg.c</File>
          <File BuildType="BUILD" Toolchain="">Generated_Source\PSoC5\cymetadata.c</File>
          <File BuildType="BUILD" Toolchain="">Generated_Source\PSoC5\cydevice.h</File>
          <File BuildType="BUILD" Toolchain="">Generated_Source\PSoC5\cydevicegnu.inc</File>
          <File BuildType="BUILD" Toolchain="">Generated_Source\PSoC5\cydevicerv.inc</File>
          <File BuildType="BUILD" Toolchain="">Generated_Source\PSoC5\cydeviceiar.inc</File>
          <File BuildType="BUILD" Toolchain="">Generated_Source\PSoC5\cydevice_trm.h</File>
          <File BuildType="BUILD" Toolchain="">Generated_Source\PSoC5\cydevicegnu_trm.inc</File>
          <File BuildType="BUILD" Toolchain="">Generated_Source\PSoC5\cydevicerv_trm.inc</File>
          <File BuildType="BUILD" Toolchain="">Generated_Source\PSoC5\cydeviceiar_trm.inc</File>
          <File BuildType="BUILD" Toolchain="">Generated_Source\PSoC5\cyfittergnu.inc</File>
          <File BuildType="BUILD" Toolchain="">Generated_Source\PSoC5\cyfitterrv.inc</File>
          <File BuildType="BUILD" Toolchain="">Generated_Source\PSoC5\cyfitteriar.inc</File>
          <File BuildType="BUILD" Toolchain="">Generated_Source\PSoC5\cyfitter.h</File>
          <File BuildType="BUILD" Toolchain="">Generated_Source\PSoC5\cydisabledsheets.h</File>
          <File BuildType="BUILD" Toolchain="">Generated_Source\PSoC5\UART_1.c</File>
          <File BuildType="BUILD" Toolchain="">Generated_Source\PSoC5\UART_1.h</File>
          <File BuildType="BUILD" Toolchain="">Generated_Source\PSoC5\UART_1_PM.c</File>
          <File BuildType="BUILD" Toolchain="">Generated_Source\PSoC5\UART_1_INT.c</File>
          <File BuildType="BUILD" Toolchain="">Generated_Source\PSoC5\UART_1_BOOT.c</File>
          <File BuildType="BUILD" Toolchain="">Generated_Source\PSoC5\Tx_1_aliases.h</File>
          <File BuildType="BUILD" Toolchain="">Generated_Source\PSoC5\Tx_1.c</File>
          <File BuildType="BUILD" Toolchain="">Generated_Source\PSoC5\Tx_1.h</File>
          <File BuildType="BUILD" Toolchain="">Generated_Source\PSoC5\isr_UART1_TX_BYTE_COMPLETE.c</File>
          <File BuildType="BUILD" Toolchain="">Generated_Source\PSoC5\isr_UART1_TX_BYTE_COMPLETE.h</File>
          <File BuildType="BUILD" Toolchain="">Generated_Source\PSoC5\isr_UART1_RX_BYTE_RECEIVED.c</File>
          <File BuildType="BUILD" Toolchain="">Generated_Source\PSoC5\isr_UART1_RX_BYTE_RECEIVED.h</File>
          <File BuildType="BUILD" Toolchain="">Generated_Source\PSoC5\Clock_1.c</File>
          <File BuildType="BUILD" Toolchain="">Generated_Source\PSoC5\Clock_1.h</File>
          <File BuildType="BUILD" Toolchain="">Generated_Source\PSoC5\UART_1_IntClock.c</File>
          <File BuildType="BUILD" Toolchain="">Generated_Source\PSoC5\UART_1_IntClock.h</File>
          <File BuildType="BUILD" Toolchain="ARM GCC Generic">Generated_Source\PSoC5\cm3gcc.ld</File>
          <File BuildType="BUILD" Toolchain="ARM MDK Generic">Generated_Source\PSoC5\Cm3RealView.scat</File>
          <File BuildType="BUILD" Toolchain="">Generated_Source\PSoC5\Cm3Start.c</File>
          <File BuildType="BUILD" Toolchain="">Generated_Source\PSoC5\core_cm3.h</File>
          <File BuildType="BUILD" Toolchain="">Generated_Source\PSoC5\core_cm3_psoc5.h</File>
          <File BuildType="BUILD" Toolchain="ARM GCC Generic">Generated_Source\PSoC5\CyBootAsmGnu.s</File>
          <File BuildType="BUILD" Toolchain="ARM MDK Generic">Generated_Source\PSoC5\CyBootAsmRv.s</File>
          <File BuildType="BUILD" Toolchain="">Generated_Source\PSoC5\CyDmac.c</File>
          <File BuildType="BUILD" Toolchain="">Generated_Source\PSoC5\CyDmac.h</File>
          <File BuildType="BUILD" Toolchain="">Generated_Source\PSoC5\CyFlash.c</File>
          <File BuildType="BUILD" Toolchain="">Generated_Source\PSoC5\CyFlash.h</File>
          <File BuildType="BUILD" Toolchain="">Generated_Source\PSoC5\CyLib.c</File>
          <File BuildType="BUILD" Toolchain="">Generated_Source\PSoC5\CyLib.h</File>
          <File BuildType="BUILD" Toolchain="">Generated_Source\PSoC5\cypins.h</File>
          <File BuildType="BUILD" Toolchain="">Generated_Source\PSoC5\cyPm.c</File>
          <File BuildType="BUILD" Toolchain="">Generated_Source\PSoC5\cyPm.h</File>
          <File BuildType="BUILD" Toolchain="">Generated_Source\PSoC5\CySpc.c</File>
          <File BuildType="BUILD" Toolchain="">Generated_Source\PSoC5\CySpc.h</File>
          <File BuildType="BUILD" Toolchain="">Generated_Source\PSoC5\cytypes.h</File>
          <File BuildType="BUILD" Toolchain="">Generated_Source\PSoC5\cyutils.c</File>
          <File BuildType="BUILD" Toolchain="">Generated_Source\PSoC5\core_cmFunc.h</File>
          <File BuildType="BUILD" Toolchain="">Generated_Source\PSoC5\core_cmInstr.h</File>
          <File BuildType="BUILD" Toolchain="ARM IAR Generic">Generated_Source\PSoC5\Cm3Iar.icf</File>
          <File BuildType="BUILD" Toolchain="ARM IAR Generic">Generated_Source\PSoC5\CyBootAsmIar.s</File>
          <File BuildType="BUILD" Toolchain="">Generated_Source\PSoC5\cmsis_armcc.h</File>
          <File BuildType="BUILD" Toolchain="">Generated_Source\PSoC5\cmsis_gcc.h</File>
          <File BuildType="BUILD" Toolchain="">Generated_Source\PSoC5\project.h</File>
          <File BuildType="BUILD" Toolchain="">Generated_Source\PSoC5\cycodeshareimport.ld</File>
          <File BuildType="BUILD" Toolchain="">Generated_Source\PSoC5\cycodeshareexport.ld</File>
          <File BuildType="BUILD" Toolchain="">Generated_Source\PSoC5\cycodeshareimport.scat</File>
          <File BuildType="BUILD" Toolchain="">Generated_Source\PSoC5\PWM_M1.c</File>
          <File BuildType="BUILD" Toolchain="">Generated_Source\PSoC5\PWM_M1.h</File>
          <File BuildType="BUILD" Toolchain="">Generated_Source\PSoC5\PWM_M1_PM.c</File>
          <File BuildType="BUILD" Toolchain="">Generated_Source\PSoC5\MClock.c</File>
          <File BuildType="BUILD" Toolchain="">Generated_Source\PSoC5\MClock.h</File>
          <File BuildType="BUILD" Toolchain="">Generated_Source\PSoC5\M1_FWD_aliases.h</File>
          <File BuildType="BUILD" Toolchain="">Generated_Source\PSoC5\M1_FWD.c</File>
          <File BuildType="BUILD" Toolchain="">Generated_Source\PSoC5\M1_FWD.h</File>
          <File BuildType="BUILD" Toolchain="">Generated_Source\PSoC5\M1_BWD_aliases.h</File>
          <File BuildType="BUILD" Toolchain="">Generated_Source\PSoC5\M1_BWD.c</File>
          <File BuildType="BUILD" Toolchain="">Generated_Source\PSoC5\M1_BWD.h</File>
          <File BuildType="BUILD" Toolchain="">Generated_Source\PSoC5\PWM_M2.c</File>
          <File BuildType="BUILD" Toolchain="">Generated_Source\PSoC5\PWM_M2.h</File>
          <File BuildType="BUILD" Toolchain="">Generated_Source\PSoC5\PWM_M2_PM.c</File>
          <File BuildType="BUILD" Toolchain="">Generated_Source\PSoC5\M2_FWD_aliases.h</File>
          <File BuildType="BUILD" Toolchain="">Generated_Source\PSoC5\M2_FWD.c</File>
          <File BuildType="BUILD" Toolchain="">Generated_Source\PSoC5\M2_FWD.h</File>
          <File BuildType="BUILD" Toolchain="">Generated_Source\PSoC5\M2_BWD_aliases.h</File>
          <File BuildType="BUILD" Toolchain="">Generated_Source\PSoC5\M2_BWD.c</File>
          <File BuildType="BUILD" Toolchain="">Generated_Source\PSoC5\M2_BWD.h</File>
          <File BuildType="BUILD" Toolchain="">Generated_Source\PSoC5\PWM_Out_1_aliases.h</File>
          <File BuildType="BUILD" Toolchain="">Generated_Source\PSoC5\PWM_Out_1.c</File>
          <File BuildType="BUILD" Toolchain="">Generated_Source\PSoC5\PWM_Out_1.h</File>
          <File BuildType="BUILD" Toolchain="">Generated_Source\PSoC5\PWM_Out_2_aliases.h</File>
          <File BuildType="BUILD" Toolchain="">Generated_Source\PSoC5\PWM_Out_2.c</File>
          <File BuildType="BUILD" Toolchain="">Generated_Source\PSoC5\PWM_Out_2.h</File>
          <File BuildType="BUILD" Toolchain="">Generated_Source\PSoC5\Standby_aliases.h</File>
          <File BuildType="BUILD" Toolchain="">Generated_Source\PSoC5\Standby.c</File>
          <File BuildType="BUILD" Toolchain="">Generated_Source\PSoC5\Standby.h</File>
          <File BuildType="BUILD" Toolchain="">Generated_Source\PSoC5\M1QuadDec.c</File>
          <File BuildType="BUILD" Toolchain="">Generated_Source\PSoC5\M1QuadDec.h</File>
          <File BuildType="BUILD" Toolchain="">Generated_Source\PSoC5\M1QuadDec_INT.c</File>
          <File BuildType="BUILD" Toolchain="">Generated_Source\PSoC5\M1QuadDec_PM.c</File>
          <File BuildType="BUILD" Toolchain="">Generated_Source\PSoC5\M1QuadDec_PVT.h</File>
          <File BuildType="BUILD" Toolchain="">Generated_Source\PSoC5\M1_Phase1_aliases.h</File>
          <File BuildType="BUILD" Toolchain="">Generated_Source\PSoC5\M1_Phase1.c</File>
          <File BuildType="BUILD" Toolchain="">Generated_Source\PSoC5\M1_Phase1.h</File>
          <File BuildType="BUILD" Toolchain="">Generated_Source\PSoC5\M1_Phase2_aliases.h</File>
          <File BuildType="BUILD" Toolchain="">Generated_Source\PSoC5\M1_Phase2.c</File>
          <File BuildType="BUILD" Toolchain="">Generated_Source\PSoC5\M1_Phase2.h</File>
          <File BuildType="BUILD" Toolchain="">Generated_Source\PSoC5\M1Clock.c</File>
          <File BuildType="BUILD" Toolchain="">Generated_Source\PSoC5\M1Clock.h</File>
          <File BuildType="BUILD" Toolchain="">Generated_Source\PSoC5\M2QuadDec.c</File>
          <File BuildType="BUILD" Toolchain="">Generated_Source\PSoC5\M2QuadDec.h</File>
          <File BuildType="BUILD" Toolchain="">Generated_Source\PSoC5\M2QuadDec_INT.c</File>
          <File BuildType="BUILD" Toolchain="">Generated_Source\PSoC5\M2QuadDec_PM.c</File>
          <File BuildType="BUILD" Toolchain="">Generated_Source\PSoC5\M2QuadDec_PVT.h</File>
          <File BuildType="BUILD" Toolchain="">Generated_Source\PSoC5\M2_Phase1_aliases.h</File>
          <File BuildType="BUILD" Toolchain="">Generated_Source\PSoC5\M2_Phase1.c</File>
          <File BuildType="BUILD" Toolchain="">Generated_Source\PSoC5\M2_Phase1.h</File>
          <File BuildType="BUILD" Toolchain="">Generated_Source\PSoC5\M2_Phase2_aliases.h</File>
          <File BuildType="BUILD" Toolchain="">Generated_Source\PSoC5\M2_Phase2.c</File>
          <File BuildType="BUILD" Toolchain="">Generated_Source\PSoC5\M2_Phase2.h</File>
          <File BuildType="BUILD" Toolchain="">Generated_Source\PSoC5\M1QuadDec_isr.c</File>
          <File BuildType="BUILD" Toolchain="">Generated_Source\PSoC5\M1QuadDec_isr.h</File>
          <File BuildType="BUILD" Toolchain="">Generated_Source\PSoC5\M1QuadDec_Cnt16.c</File>
          <File BuildType="BUILD" Toolchain="">Generated_Source\PSoC5\M1QuadDec_Cnt16.h</File>
          <File BuildType="BUILD" Toolchain="">Generated_Source\PSoC5\M1QuadDec_Cnt16_PM.c</File>
          <File BuildType="BUILD" Toolchain="">Generated_Source\PSoC5\M2QuadDec_isr.c</File>
          <File BuildType="BUILD" Toolchain="">Generated_Source\PSoC5\M2QuadDec_isr.h</File>
          <File BuildType="BUILD" Toolchain="">Generated_Source\PSoC5\M2QuadDec_Cnt16.c</File>
          <File BuildType="BUILD" Toolchain="">Generated_Source\PSoC5\M2QuadDec_Cnt16.h</File>
          <File BuildType="BUILD" Toolchain="">Generated_Source\PSoC5\M2QuadDec_Cnt16_PM.c</File>
          <File BuildType="BUILD" Toolchain="">Generated_Source\PSoC5\Timer_1.c</File>
          <File BuildType="BUILD" Toolchain="">Generated_Source\PSoC5\Timer_1.h</File>
          <File BuildType="BUILD" Toolchain="">Generated_Source\PSoC5\Timer_1_PM.c</File>
          <File BuildType="BUILD" Toolchain="">Generated_Source\PSoC5\Laser_aliases.h</File>
          <File BuildType="BUILD" Toolchain="">Generated_Source\PSoC5\Laser.c</File>
          <File BuildType="BUILD" Toolchain="">Generated_Source\PSoC5\Laser.h</File>
          <File BuildType="BUILD" Toolchain="">Generated_Source\PSoC5\PWM_1.c</File>
          <File BuildType="BUILD" Toolchain="">Generated_Source\PSoC5\PWM_1.h</File>
          <File BuildType="BUILD" Toolchain="">Generated_Source\PSoC5\PWM_1_PM.c</File>
          <File BuildType="BUILD" Toolchain="">Generated_Source\PSoC5\pwm_aliases.h</File>
          <File BuildType="BUILD" Toolchain="">Generated_Source\PSoC5\pwm.c</File>
          <File BuildType="BUILD" Toolchain="">Generated_Source\PSoC5\pwm.h</File>
          <File BuildType="BUILD" Toolchain="">Generated_Source\PSoC5\LED_RED_aliases.h</File>
          <File BuildType="BUILD" Toolchain="">Generated_Source\PSoC5\LED_RED.c</File>
          <File BuildType="BUILD" Toolchain="">Generated_Source\PSoC5\LED_RED.h</File>
          <File BuildType="BUILD" Toolchain="">Generated_Source\PSoC5\LED_BLUE_aliases.h</File>
          <File BuildType="BUILD" Toolchain="">Generated_Source\PSoC5\LED_BLUE.c</File>
          <File BuildType="BUILD" Toolchain="">Generated_Source\PSoC5\LED_BLUE.h</File>
          <File BuildType="BUILD" Toolchain="">Generated_Source\PSoC5\PWM_2.c</File>
          <File BuildType="BUILD" Toolchain="">Generated_Source\PSoC5\PWM_2.h</File>
          <File BuildType="BUILD" Toolchain="">Generated_Source\PSoC5\PWM_2_PM.c</File>
          <File BuildType="BUILD" Toolchain="">Generated_Source\PSoC5\Clock_2.c</File>
          <File BuildType="BUILD" Toolchain="">Generated_Source\PSoC5\Clock_2.h</File>
          <File BuildType="BUILD" Toolchain="">Generated_Source\PSoC5\pwm_3_aliases.h</File>
          <File BuildType="BUILD" Toolchain="">Generated_Source\PSoC5\pwm_3.c</File>
          <File BuildType="BUILD" Toolchain="">Generated_Source\PSoC5\pwm_3.h</File>
          <File BuildType="BUILD" Toolchain="">Generated_Source\PSoC5\cy_em_eeprom.c</File>
          <File BuildType="BUILD" Toolchain="">Generated_Source\PSoC5\cy_em_eeprom.h</File>
        </Files>
      </Folder>
      <Folder BuildType="STRICT" Path="C:\Users\Timoth\Desktop\4095\FYP_POSCCreator_Master-master _new\FYP_POSCCreator_Master-master\FYP_PSOCCreator_Master\CORTEX_CY8C5588_PSoC_Creator_GCC\FreeRTOS_Demo.cydsn\Export\ARM_GCC_Generic">
        <Files Root="C:\Users\Timoth\Desktop\4095\FYP_POSCCreator_Master-master _new\FYP_POSCCreator_Master-master\FYP_PSOCCreator_Master\CORTEX_CY8C5588_PSoC_Creator_GCC\FreeRTOS_Demo.cydsn">
          <File BuildType="BUILD" Toolchain="ARM GCC Generic">.\Export\ARM_GCC_Generic\CyComponentLibrary.a</File>
        </Files>
      </Folder>
      <Folder BuildType="STRICT" Path="C:\Users\Timoth\Desktop\4095\FYP_POSCCreator_Master-master _new\FYP_POSCCreator_Master-master\FYP_PSOCCreator_Master\CORTEX_CY8C5588_PSoC_Creator_GCC\FreeRTOS_Demo.cydsn\Export\ARM_MDK_Generic">
        <Files Root="C:\Users\Timoth\Desktop\4095\FYP_POSCCreator_Master-master _new\FYP_POSCCreator_Master-master\FYP_PSOCCreator_Master\CORTEX_CY8C5588_PSoC_Creator_GCC\FreeRTOS_Demo.cydsn">
          <File BuildType="BUILD" Toolchain="ARM MDK Generic">.\Export\ARM_MDK_Generic\CyComponentLibrary.a</File>
        </Files>
      </Folder>
      <Folder BuildType="STRICT" Path="C:\Users\Timoth\Desktop\4095\FYP_POSCCreator_Master-master _new\FYP_POSCCreator_Master-master\FYP_PSOCCreator_Master\CORTEX_CY8C5588_PSoC_Creator_GCC\FreeRTOS_Demo.cydsn\Export\ARM_IAR_Generic">
        <Files Root="C:\Users\Timoth\Desktop\4095\FYP_POSCCreator_Master-master _new\FYP_POSCCreator_Master-master\FYP_PSOCCreator_Master\CORTEX_CY8C5588_PSoC_Creator_GCC\FreeRTOS_Demo.cydsn">
          <File BuildType="BUILD" Toolchain="ARM IAR Generic">.\Export\ARM_IAR_Generic\CyComponentLibrary.a</File>
        </Files>
      </Folder>
      <Folder BuildType="EXCLUDE" Path=".\codegentemp">
        <Files Root="C:\Users\Timoth\Desktop\4095\FYP_POSCCreator_Master-master _new\FYP_POSCCreator_Master-master\FYP_PSOCCreator_Master\CORTEX_CY8C5588_PSoC_Creator_GCC\FreeRTOS_Demo.cydsn" />
      </Folder>
      <Folder BuildType="EXCLUDE" Path=".\ARM_GCC_441">
        <Files Root="C:\Users\Timoth\Desktop\4095\FYP_POSCCreator_Master-master _new\FYP_POSCCreator_Master-master\FYP_PSOCCreator_Master\CORTEX_CY8C5588_PSoC_Creator_GCC\FreeRTOS_Demo.cydsn" />
      </Folder>
      <Folder BuildType="EXCLUDE" Path=".\ARM_GCC_473">
        <Files Root="C:\Users\Timoth\Desktop\4095\FYP_POSCCreator_Master-master _new\FYP_POSCCreator_Master-master\FYP_PSOCCreator_Master\CORTEX_CY8C5588_PSoC_Creator_GCC\FreeRTOS_Demo.cydsn" />
      </Folder>
      <Folder BuildType="EXCLUDE" Path=".\DP8051_Keil_952">
        <Files Root="C:\Users\Timoth\Desktop\4095\FYP_POSCCreator_Master-master _new\FYP_POSCCreator_Master-master\FYP_PSOCCreator_Master\CORTEX_CY8C5588_PSoC_Creator_GCC\FreeRTOS_Demo.cydsn" />
      </Folder>
      <Folder BuildType="EXCLUDE" Path=".\DP8051">
        <Files Root="C:\Users\Timoth\Desktop\4095\FYP_POSCCreator_Master-master _new\FYP_POSCCreator_Master-master\FYP_PSOCCreator_Master\CORTEX_CY8C5588_PSoC_Creator_GCC\FreeRTOS_Demo.cydsn" />
      </Folder>
      <Folder BuildType="EXCLUDE" Path=".\CortexM0">
        <Files Root="C:\Users\Timoth\Desktop\4095\FYP_POSCCreator_Master-master _new\FYP_POSCCreator_Master-master\FYP_PSOCCreator_Master\CORTEX_CY8C5588_PSoC_Creator_GCC\FreeRTOS_Demo.cydsn" />
      </Folder>
      <Folder BuildType="EXCLUDE" Path=".\CortexM0p">
        <Files Root="C:\Users\Timoth\Desktop\4095\FYP_POSCCreator_Master-master _new\FYP_POSCCreator_Master-master\FYP_PSOCCreator_Master\CORTEX_CY8C5588_PSoC_Creator_GCC\FreeRTOS_Demo.cydsn" />
      </Folder>
      <Folder BuildType="EXCLUDE" Path=".\CortexM3">
        <Files Root="C:\Users\Timoth\Desktop\4095\FYP_POSCCreator_Master-master _new\FYP_POSCCreator_Master-master\FYP_PSOCCreator_Master\CORTEX_CY8C5588_PSoC_Creator_GCC\FreeRTOS_Demo.cydsn" />
      </Folder>
      <Folder BuildType="EXCLUDE" Path=".\CortexM4">
        <Files Root="C:\Users\Timoth\Desktop\4095\FYP_POSCCreator_Master-master _new\FYP_POSCCreator_Master-master\FYP_PSOCCreator_Master\CORTEX_CY8C5588_PSoC_Creator_GCC\FreeRTOS_Demo.cydsn" />
      </Folder>
      <Folder BuildType="EXCLUDE" Path=".\CortexM7">
        <Files Root="C:\Users\Timoth\Desktop\4095\FYP_POSCCreator_Master-master _new\FYP_POSCCreator_Master-master\FYP_PSOCCreator_Master\CORTEX_CY8C5588_PSoC_Creator_GCC\FreeRTOS_Demo.cydsn" />
      </Folder>
    </Folders>
  </Project>
</PSoCCreatorIdeExport>